{
  "blackswan": {
    "-1": {
      "jfmean": 0.4808716077627725,
      "jmean": 0.380028631292651,
      "fmean": 0.581714584232894,
      "eval_time": 46.24886965751648
    },
    "0": {
      "jfmean": 0.9076283973624583,
      "jmean": 0.8941738705893925,
      "fmean": 0.9210829241355241,
      "eval_time": 41.97655010223389
    },
    "1": {
      "jfmean": 0.9129758575749558,
      "jmean": 0.897249087134893,
      "fmean": 0.9287026280150187,
      "eval_time": 41.80852293968201
    },
    "2": {
      "jfmean": 0.9189067954193888,
      "jmean": 0.901106068146023,
      "fmean": 0.9367075226927547,
      "eval_time": 41.9200234413147
    },
    "3": {
      "jfmean": 0.9209459720437229,
      "jmean": 0.9032823011469386,
      "fmean": 0.9386096429405071,
      "eval_time": 42.0244083404541
    },
    "4": {
      "jfmean": 0.9262309043452108,
      "jmean": 0.9073798742574705,
      "fmean": 0.9450819344329513,
      "eval_time": 41.80611205101013
    }
  },
  "bmx-trees": {
    "-1": {
      "jfmean": 0.5278930284245766,
      "jmean": 0.41167291993938526,
      "fmean": 0.6441131369097681,
      "eval_time": 71.43669891357422
    },
    "0": {
      "jfmean": 0.4658581725366772,
      "jmean": 0.3817829717861533,
      "fmean": 0.5499333732872012,
      "eval_time": 71.50466442108154
    },
    "1": {
      "jfmean": 0.4833586410261797,
      "jmean": 0.40210519884173956,
      "fmean": 0.5646120832106198,
      "eval_time": 71.76665449142456
    },
    "2": {
      "jfmean": 0.4942344110721084,
      "jmean": 0.4117920440673835,
      "fmean": 0.5766767780768334,
      "eval_time": 71.6243827342987
    },
    "3": {
      "jfmean": 0.4944396065477805,
      "jmean": 0.40617629204159805,
      "fmean": 0.5827029210539629,
      "eval_time": 72.38040494918823
    },
    "4": {
      "jfmean": 0.5030978706754536,
      "jmean": 0.4146324243333851,
      "fmean": 0.5915633170175221,
      "eval_time": 71.41996264457703
    }
  },
  "breakdance": {
    "-1": {
      "jfmean": 0.2807720208982476,
      "jmean": 0.26807755691768387,
      "fmean": 0.2934664848788113,
      "eval_time": 77.84857940673828
    },
    "0": {
      "jfmean": 0.6717269386822446,
      "jmean": 0.6823020242728214,
      "fmean": 0.6611518530916678,
      "eval_time": 78.83477830886841
    },
    "1": {
      "jfmean": 0.6941635166904364,
      "jmean": 0.7008010050075977,
      "fmean": 0.6875260283732751,
      "eval_time": 74.73293995857239
    },
    "2": {
      "jfmean": 0.6864274000600813,
      "jmean": 0.690269113974874,
      "fmean": 0.6825856861452886,
      "eval_time": 74.4497504234314
    },
    "3": {
      "jfmean": 0.6972549111670925,
      "jmean": 0.7072384433503549,
      "fmean": 0.6872713789838301,
      "eval_time": 75.04027009010315
    },
    "4": {
      "jfmean": 0.6993632055120449,
      "jmean": 0.7085330090683725,
      "fmean": 0.6901934019557174,
      "eval_time": 74.77333498001099
    }
  },
  "camel": {
    "-1": {
      "jfmean": 0.7984245828025249,
      "jmean": 0.7743557225734145,
      "fmean": 0.8224934430316355,
      "eval_time": 87.9979727268219
    },
    "0": {
      "jfmean": 0.7872975718950292,
      "jmean": 0.7647435222173752,
      "fmean": 0.8098516215726832,
      "eval_time": 91.02467727661133
    },
    "1": {
      "jfmean": 0.7902780900908656,
      "jmean": 0.766146254042257,
      "fmean": 0.8144099261394742,
      "eval_time": 87.50130271911621
    },
    "2": {
      "jfmean": 0.8010272920664299,
      "jmean": 0.7748519069730309,
      "fmean": 0.8272026771598289,
      "eval_time": 89.19878363609314
    },
    "3": {
      "jfmean": 0.8087161797887028,
      "jmean": 0.7813499014298317,
      "fmean": 0.8360824581475738,
      "eval_time": 89.2181224822998
    },
    "4": {
      "jfmean": 0.8093499413042906,
      "jmean": 0.7815560395193055,
      "fmean": 0.8371438430892757,
      "eval_time": 88.35125875473022
    }
  },
  "car-roundabout": {
    "-1": {
      "jfmean": 0.7143105062334005,
      "jmean": 0.7264524022428823,
      "fmean": 0.7021686102239186,
      "eval_time": 68.98472595214844
    },
    "0": {
      "jfmean": 0.725020254864333,
      "jmean": 0.7317359235438633,
      "fmean": 0.7183045861848026,
      "eval_time": 67.6655547618866
    },
    "1": {
      "jfmean": 0.7465369352280473,
      "jmean": 0.7447312414500259,
      "fmean": 0.7483426290060688,
      "eval_time": 70.33785128593445
    },
    "2": {
      "jfmean": 0.7469032329565978,
      "jmean": 0.7467326763969367,
      "fmean": 0.7470737895162588,
      "eval_time": 71.30041289329529
    },
    "3": {
      "jfmean": 0.7435704524736835,
      "jmean": 0.7445691103033053,
      "fmean": 0.7425717946440616,
      "eval_time": 71.32947134971619
    },
    "4": {
      "jfmean": 0.7436066480214126,
      "jmean": 0.7435677814847946,
      "fmean": 0.7436455145580306,
      "eval_time": 71.00221157073975
    }
  },
  "car-shadow": {
    "-1": {
      "jfmean": 0.9243235287559143,
      "jmean": 0.9082745514773375,
      "fmean": 0.9403725060344911,
      "eval_time": 35.4543879032135
    },
    "0": {
      "jfmean": 0.888907699909304,
      "jmean": 0.8873659758430301,
      "fmean": 0.8904494239755779,
      "eval_time": 34.363306283950806
    },
    "1": {
      "jfmean": 0.877959351259704,
      "jmean": 0.8819776072478529,
      "fmean": 0.8739410952715552,
      "eval_time": 34.18583798408508
    },
    "2": {
      "jfmean": 0.8924903899694869,
      "jmean": 0.8892736265784865,
      "fmean": 0.8957071533604875,
      "eval_time": 34.31727647781372
    },
    "3": {
      "jfmean": 0.9056463489173725,
      "jmean": 0.896148098241573,
      "fmean": 0.915144599593172,
      "eval_time": 33.927353620529175
    },
    "4": {
      "jfmean": 0.882831290006074,
      "jmean": 0.88492873028433,
      "fmean": 0.8807338497278179,
      "eval_time": 33.94044375419617
    }
  },
  "cows": {
    "-1": {
      "jfmean": 0.9075600694350179,
      "jmean": 0.8939145363569647,
      "fmean": 0.9212056025130709,
      "eval_time": 106.23664379119873
    },
    "0": {
      "jfmean": 0.9192512537005153,
      "jmean": 0.9033791841561511,
      "fmean": 0.9351233232448795,
      "eval_time": 107.86162185668945
    },
    "1": {
      "jfmean": 0.917940890975749,
      "jmean": 0.9028608083585608,
      "fmean": 0.9330209735929373,
      "eval_time": 107.83187246322632
    },
    "2": {
      "jfmean": 0.9170915852677622,
      "jmean": 0.9025655522598387,
      "fmean": 0.9316176182756858,
      "eval_time": 105.99685955047607
    },
    "3": {
      "jfmean": 0.9200440059033911,
      "jmean": 0.9049844386126638,
      "fmean": 0.9351035731941184,
      "eval_time": 106.46280694007874
    },
    "4": {
      "jfmean": 0.918743018058981,
      "jmean": 0.9043435657997136,
      "fmean": 0.9331424703182483,
      "eval_time": 106.91533184051514
    }
  },
  "dance-twirl": {
    "-1": {
      "jfmean": 0.5881459374837676,
      "jmean": 0.5770699883912378,
      "fmean": 0.5992218865762976,
      "eval_time": 88.29267287254333
    },
    "0": {
      "jfmean": 0.7141481855210309,
      "jmean": 0.7204074527438074,
      "fmean": 0.7078889182982544,
      "eval_time": 91.69182276725769
    },
    "1": {
      "jfmean": 0.7007390415502494,
      "jmean": 0.7106142443545682,
      "fmean": 0.6908638387459305,
      "eval_time": 89.92456459999084
    },
    "2": {
      "jfmean": 0.7037215135139914,
      "jmean": 0.7133064359718612,
      "fmean": 0.6941365910561216,
      "eval_time": 89.81040787696838
    },
    "3": {
      "jfmean": 0.700331455503034,
      "jmean": 0.7102861519070663,
      "fmean": 0.6903767590990018,
      "eval_time": 90.44230628013611
    },
    "4": {
      "jfmean": 0.6919917347551607,
      "jmean": 0.7039705006206934,
      "fmean": 0.6800129688896281,
      "eval_time": 90.0986099243164
    }
  },
  "dog": {
    "-1": {
      "jfmean": 0.8204845598305193,
      "jmean": 0.8267651915385261,