{
  "blackswan": {
    "-1": {
      "jfmean": 0.4342478782170789,
      "jmean": 0.34410983054746863,
      "fmean": 0.5243859258866892,
      "eval_time": 28.13647747039795
    },
    "0": {
      "jfmean": 0.9050469179635139,
      "jmean": 0.8945505125689376,
      "fmean": 0.9155433233580902,
      "eval_time": 24.740822553634644
    },
    "1": {
      "jfmean": 0.9135682076114979,
      "jmean": 0.9000452365771052,
      "fmean": 0.9270911786458907,
      "eval_time": 24.593841791152954
    },
    "2": {
      "jfmean": 0.8806828379136211,
      "jmean": 0.8737238136993652,
      "fmean": 0.8876418621278771,
      "eval_time": 24.67793560028076
    },
    "3": {
      "jfmean": 0.9196521568850893,
      "jmean": 0.904825293573999,
      "fmean": 0.9344790201961795,
      "eval_time": 24.668071746826172
    },
    "4": {
      "jfmean": 0.9328297697569621,
      "jmean": 0.9122059732673006,
      "fmean": 0.9534535662466235,
      "eval_time": 24.974504470825195
    }
  },
  "bmx-trees": {
    "-1": {
      "jfmean": 0.46099827871403154,
      "jmean": 0.33874899621856225,
      "fmean": 0.5832475612095008,
      "eval_time": 42.4542133808136
    },
    "0": {
      "jfmean": 0.5150687452113166,
      "jmean": 0.39675110166561406,
      "fmean": 0.6333863887570192,
      "eval_time": 40.94430708885193
    },
    "1": {
      "jfmean": 0.6025609562067297,
      "jmean": 0.4811617236793396,
      "fmean": 0.7239601887341197,
      "eval_time": 40.76267409324646
    },
    "2": {
      "jfmean": 0.6037064184060915,
      "jmean": 0.4827442444841476,
      "fmean": 0.7246685923280355,
      "eval_time": 40.971378326416016
    },
    "3": {
      "jfmean": 0.5724862116572441,
      "jmean": 0.45243200761416114,
      "fmean": 0.6925404157003271,
      "eval_time": 41.44727349281311
    },
    "4": {
      "jfmean": 0.5906639581526707,
      "jmean": 0.46918242846654457,
      "fmean": 0.7121454878387967,
      "eval_time": 40.68868136405945
    }
  },
  "breakdance": {
    "-1": {
      "jfmean": 0.29620842980198503,
      "jmean": 0.28610212462049517,
      "fmean": 0.30631473498347483,
      "eval_time": 44.504305362701416
    },
    "0": {
      "jfmean": 0.6771866983573086,
      "jmean": 0.65727723795847,
      "fmean": 0.6970961587561472,
      "eval_time": 42.37890338897705
    },
    "1": {
      "jfmean": 0.6963761267119792,
      "jmean": 0.6874789976193668,
      "fmean": 0.7052732558045915,
      "eval_time": 42.70637583732605
    },
    "2": {
      "jfmean": 0.7110730950224693,
      "jmean": 0.7024651094436456,
      "fmean": 0.7196810806012931,
      "eval_time": 42.13204050064087
    },
    "3": {
      "jfmean": 0.6616904182644199,
      "jmean": 0.647060758739286,
      "fmean": 0.6763200777895536,
      "eval_time": 42.1193790435791
    },
    "4": {
      "jfmean": 0.6671932528539355,
      "jmean": 0.6517254362748609,
      "fmean": 0.6826610694330102,
      "eval_time": 42.42967462539673
    }
  },
  "camel": {
    "-1": {
      "jfmean": 0.7883948717022428,
      "jmean": 0.769025923117448,
      "fmean": 0.8077638202870375,
      "eval_time": 46.989063024520874
    },
    "0": {
      "jfmean": 0.7935625476819748,
      "jmean": 0.7690900355491015,
      "fmean": 0.818035059814848,
      "eval_time": 46.372620820999146
    },
    "1": {
      "jfmean": 0.7988159361409674,
      "jmean": 0.7741457015907246,
      "fmean": 0.8234861706912101,
      "eval_time": 47.25865817070007
    },
    "2": {
      "jfmean": 0.8069878537547794,
      "jmean": 0.7789438742393462,
      "fmean": 0.8350318332702127,
      "eval_time": 47.12229585647583
    },
    "3": {
      "jfmean": 0.8102379334430634,
      "jmean": 0.7801654820997064,
      "fmean": 0.8403103847864205,
      "eval_time": 47.18984246253967
    },
    "4": {
      "jfmean": 0.810771027115029,
      "jmean": 0.7814664706983945,
      "fmean": 0.8400755835316635,
      "eval_time": 47.079304695129395
    }
  },
  "car-roundabout": {
    "-1": {
      "jfmean": 0.715863830723189,
      "jmean": 0.7280810621219888,
      "fmean": 0.7036465993243894,
      "eval_time": 38.627368688583374
    },
    "0": {
      "jfmean": 0.7495398319958575,
      "jmean": 0.7492782414369934,
      "fmean": 0.7498014225547217,
      "eval_time": 38.68172526359558
    },
    "1": {
      "jfmean": 0.7625270207217116,
      "jmean": 0.7581780199214563,
      "fmean": 0.7668760215219671,
      "eval_time": 38.33625531196594
    },
    "2": {
      "jfmean": 0.7752514203062874,
      "jmean": 0.7672458481649523,
      "fmean": 0.7832569924476224,
      "eval_time": 38.32936429977417
    },
    "3": {
      "jfmean": 0.7696636664922363,
      "jmean": 0.7633296812492842,
      "fmean": 0.7759976517351883,
      "eval_time": 38.6818482875824
    },
    "4": {
      "jfmean": 0.7650307590879872,
      "jmean": 0.7593091945051146,
      "fmean": 0.77075232367086,
      "eval_time": 38.27413892745972
    }
  },
  "car-shadow": {
    "-1": {
      "jfmean": 0.9259009519790827,
      "jmean": 0.9101998946263361,
      "fmean": 0.9416020093318294,
      "eval_time": 19.41148328781128
    },
    "0": {
      "jfmean": 0.9010544575324488,
      "jmean": 0.8964334179408985,
      "fmean": 0.9056754971239991,
      "eval_time": 19.088013887405396
    },
    "1": {
      "jfmean": 0.8649241729752355,
      "jmean": 0.8824402113885152,
      "fmean": 0.8474081345619556,
      "eval_time": 19.260414838790894
    },
    "2": {
      "jfmean": 0.9082919537639446,
      "jmean": 0.8982791699927974,
      "fmean": 0.9183047375350917,
      "eval_time": 18.998132944107056
    },
    "3": {
      "jfmean": 0.9175205713250587,
      "jmean": 0.9044454721315471,
      "fmean": 0.9305956705185704,
      "eval_time": 19.124480962753296
    },
    "4": {
      "jfmean": 0.8804409681870613,
      "jmean": 0.8904623251941309,
      "fmean": 0.8704196111799917,
      "eval_time": 19.16979169845581
    }
  },
  "cows": {
    "-1": {
      "jfmean": 0.894981021685666,
      "jmean": 0.893266695965423,
      "fmean": 0.8966953474059091,
      "eval_time": 58.72645711898804
    },
    "0": {
      "jfmean": 0.9252973175590941,
      "jmean": 0.9078499309179835,
      "fmean": 0.9427447042002046,
      "eval_time": 58.32555270195007
    },
    "1": {
      "jfmean": 0.9264564356772833,
      "jmean": 0.9074183135749208,
      "fmean": 0.945494557779646,
      "eval_time": 58.00958299636841
    },
    "2": {
      "jfmean": 0.9253725718316337,
      "jmean": 0.9062059458707312,
      "fmean": 0.944539197792536,
      "eval_time": 58.41908097267151
    },
    "3": {
      "jfmean": 0.927219276229138,
      "jmean": 0.9083529667163683,
      "fmean": 0.9460855857419078,
      "eval_time": 58.84799098968506
    },
    "4": {
      "jfmean": 0.9287949524689629,
      "jmean": 0.9091006872811517,
      "fmean": 0.9484892176567743,
      "eval_time": 58.53448462486267
    }
  },
  "dance-twirl": {
    "-1": {
      "jfmean": 0.5436953755670728,
      "jmean": 0.5189141149614238,
      "fmean": 0.5684766361727217,
      "eval_time": 49.12006211280823
    },
    "0": {
      "jfmean": 0.6629786682976371,
      "jmean": 0.6678334451036516,
      "fmean": 0.6581238914916226,
      "eval_time": 47.942466020584106
    },
    "1": {
      "jfmean": 0.6529939767528209,
      "jmean": 0.657171767955524,
      "fmean": 0.6488161855501178,
      "eval_time": 47.93174409866333
    },
    "2": {
      "jfmean": 0.6630806844937369,
      "jmean": 0.6682196854911141,
      "fmean": 0.6579416834963598,
      "eval_time": 47.359668493270874
    },
    "3": {
      "jfmean": 0.6788028082342837,
      "jmean": 0.6819581747505252,
      "fmean": 0.6756474417180423,
      "eval_time": 47.89489197731018
    },
    "4": {
      "jfmean": 0.6693281059266898,
      "jmean": 0.6737557136655918,
      "fmean": 0.6649004981877876,
      "eval_time": 48.04843068122864
    }
  },
  "dog": {
    "-1": {
      "jfmean": 0.7931676565217423,