{
  "blackswan": {
    "-1": {
      "jfmean": 0.4808716077627725,
      "jmean": 0.380028631292651,
      "fmean": 0.581714584232894,
      "eval_time": 46.86624765396118
    },
    "0": {
      "jfmean": 0.9110587131473628,
      "jmean": 0.8888550527715249,
      "fmean": 0.9332623735232006,
      "eval_time": 42.34619426727295
    },
    "1": {
      "jfmean": 0.9176824365671702,
      "jmean": 0.8933609454492634,
      "fmean": 0.942003927685077,
      "eval_time": 42.00303673744202
    },
    "2": {
      "jfmean": 0.9078615837510894,
      "jmean": 0.8850104315440122,
      "fmean": 0.9307127359581666,
      "eval_time": 42.083993434906006
    },
    "3": {
      "jfmean": 0.9221382761552324,
      "jmean": 0.8987753097891344,
      "fmean": 0.9455012425213303,
      "eval_time": 42.03227472305298
    },
    "4": {
      "jfmean": 0.9223457058089674,
      "jmean": 0.8966669376615962,
      "fmean": 0.9480244739563385,
      "eval_time": 41.83559989929199
    }
  },
  "bmx-trees": {
    "-1": {
      "jfmean": 0.5278930284245766,
      "jmean": 0.41167291993938526,
      "fmean": 0.6441131369097681,
      "eval_time": 72.28489089012146
    },
    "0": {
      "jfmean": 0.5285200172055113,
      "jmean": 0.4234147522404005,
      "fmean": 0.6336252821706222,
      "eval_time": 69.96574401855469
    },
    "1": {
      "jfmean": 0.565402810642774,
      "jmean": 0.4517852574608877,
      "fmean": 0.6790203638246604,
      "eval_time": 68.8937439918518
    },
    "2": {
      "jfmean": 0.5740851199422727,
      "jmean": 0.4533513128504293,
      "fmean": 0.6948189270341161,
      "eval_time": 70.56638765335083
    },
    "3": {
      "jfmean": 0.5598402471636195,
      "jmean": 0.4397347587550918,
      "fmean": 0.679945735572147,
      "eval_time": 69.28533506393433
    },
    "4": {
      "jfmean": 0.5814763485177186,
      "jmean": 0.4612165162095275,
      "fmean": 0.7017361808259095,
      "eval_time": 70.05454301834106
    }
  },
  "breakdance": {
    "-1": {
      "jfmean": 0.2807720208982476,
      "jmean": 0.26807755691768387,
      "fmean": 0.2934664848788113,
      "eval_time": 76.04588603973389
    },
    "0": {
      "jfmean": 0.3092316259013595,
      "jmean": 0.2754515973781916,
      "fmean": 0.3430116544245274,
      "eval_time": 80.77808928489685
    },
    "1": {
      "jfmean": 0.3052286798527918,
      "jmean": 0.27117251432149975,
      "fmean": 0.3392848453840839,
      "eval_time": 78.13953971862793
    },
    "2": {
      "jfmean": 0.3244294845280893,
      "jmean": 0.291385101000576,
      "fmean": 0.3574738680556026,
      "eval_time": 77.26467728614807
    },
    "3": {
      "jfmean": 0.30470379049051216,
      "jmean": 0.27652535114613785,
      "fmean": 0.33288222983488647,
      "eval_time": 78.61050176620483
    },
    "4": {
      "jfmean": 0.3105295452258434,
      "jmean": 0.28237642180548994,
      "fmean": 0.33868266864619695,
      "eval_time": 77.63334703445435
    }
  },
  "camel": {
    "-1": {
      "jfmean": 0.7984245828025249,
      "jmean": 0.7743557225734145,
      "fmean": 0.8224934430316355,
      "eval_time": 89.80956554412842
    },
    "0": {
      "jfmean": 0.8042058011407003,
      "jmean": 0.779032879438547,
      "fmean": 0.8293787228428534,
      "eval_time": 88.5600061416626
    },
    "1": {
      "jfmean": 0.8131295465909341,
      "jmean": 0.7850783680467331,
      "fmean": 0.8411807251351349,
      "eval_time": 86.97302842140198
    },
    "2": {
      "jfmean": 0.8174673900831579,
      "jmean": 0.7890256381391281,
      "fmean": 0.8459091420271879,
      "eval_time": 87.73169445991516
    },
    "3": {
      "jfmean": 0.8181178478034072,
      "jmean": 0.789162673546019,
      "fmean": 0.8470730220607956,
      "eval_time": 87.6383855342865
    },
    "4": {
      "jfmean": 0.8216782983352214,
      "jmean": 0.7911427813039523,
      "fmean": 0.8522138153664905,
      "eval_time": 91.29143381118774
    }
  },
  "car-roundabout": {
    "-1": {
      "jfmean": 0.7143105062334005,
      "jmean": 0.7264524022428823,
      "fmean": 0.7021686102239186,
      "eval_time": 73.25660610198975
    },
    "0": {
      "jfmean": 0.7023474022733674,
      "jmean": 0.7219438179977004,
      "fmean": 0.6827509865490345,
      "eval_time": 74.74370217323303
    },
    "1": {
      "jfmean": 0.7103392034426605,
      "jmean": 0.7233090724479739,
      "fmean": 0.6973693344373472,
      "eval_time": 73.34930109977722
    },
    "2": {
      "jfmean": 0.7073949864773648,
      "jmean": 0.7204552403599739,
      "fmean": 0.6943347325947555,
      "eval_time": 73.77209663391113
    },
    "3": {
      "jfmean": 0.7091358588523763,
      "jmean": 0.7220880632977874,
      "fmean": 0.6961836544069652,
      "eval_time": 74.95398044586182
    },
    "4": {
      "jfmean": 0.7115202832125511,
      "jmean": 0.7220383702712585,
      "fmean": 0.7010021961538437,
      "eval_time": 75.09434700012207
    }
  },
  "car-shadow": {
    "-1": {
      "jfmean": 0.9243235287559143,
      "jmean": 0.9082745514773375,
      "fmean": 0.9403725060344911,
      "eval_time": 35.908567905426025
    },
    "0": {
      "jfmean": 0.9012200610614901,
      "jmean": 0.896520224022255,
      "fmean": 0.9059198981007253,
      "eval_time": 33.86109256744385
    },
    "1": {
      "jfmean": 0.8799549275442803,
      "jmean": 0.8857371975508246,
      "fmean": 0.874172657537736,
      "eval_time": 33.988261461257935
    },
    "2": {
      "jfmean": 0.8977959431140944,
      "jmean": 0.892292851524169,
      "fmean": 0.9032990347040197,
      "eval_time": 33.92437672615051
    },
    "3": {
      "jfmean": 0.8978417653765798,
      "jmean": 0.8924056780935524,
      "fmean": 0.9032778526596072,
      "eval_time": 34.15392804145813
    },
    "4": {
      "jfmean": 0.8866244733688838,
      "jmean": 0.8887100971062315,
      "fmean": 0.8845388496315362,
      "eval_time": 33.561816692352295
    }
  },
  "cows": {
    "-1": {
      "jfmean": 0.9075600694350179,
      "jmean": 0.8939145363569647,
      "fmean": 0.9212056025130709,
      "eval_time": 105.17672777175903
    },
    "0": {
      "jfmean": 0.9078318567280541,
      "jmean": 0.8911716073788137,
      "fmean": 0.9244921060772945,
      "eval_time": 107.53372192382812
    },
    "1": {
      "jfmean": 0.9171018751253133,
      "jmean": 0.8981008343139195,
      "fmean": 0.936102915936707,
      "eval_time": 106.86440110206604
    },
    "2": {
      "jfmean": 0.9111693218231185,
      "jmean": 0.8947262948322526,
      "fmean": 0.9276123488139842,
      "eval_time": 107.79373550415039
    },
    "3": {
      "jfmean": 0.9172163996449973,
      "jmean": 0.9002406058475118,
      "fmean": 0.934192193442483,
      "eval_time": 109.2555468082428
    },
    "4": {
      "jfmean": 0.9204135718299822,
      "jmean": 0.9018776195248035,
      "fmean": 0.938949524135161,
      "eval_time": 107.96129870414734
    }
  },
  "dance-twirl": {
    "-1": {
      "jfmean": 0.5881459374837676,
      "jmean": 0.5770699883912378,
      "fmean": 0.5992218865762976,
      "eval_time": 91.78366303443909
    },
    "0": {
      "jfmean": 0.6122680724354277,
      "jmean": 0.6186400598747227,
      "fmean": 0.6058960849961327,
      "eval_time": 91.02219533920288
    },
    "1": {
      "jfmean": 0.60856498639526,
      "jmean": 0.6171568177433481,
      "fmean": 0.5999731550471721,
      "eval_time": 89.74554228782654
    },
    "2": {
      "jfmean": 0.630743579701841,
      "jmean": 0.6379263629404037,
      "fmean": 0.6235607964632782,
      "eval_time": 91.34356093406677
    },
    "3": {
      "jfmean": 0.6052833070613632,
      "jmean": 0.617216819095893,
      "fmean": 0.5933497950268334,
      "eval_time": 89.56367897987366
    },
    "4": {
      "jfmean": 0.6018989544067169,
      "jmean": 0.6153393565406073,
      "fmean": 0.5884585522728265,
      "eval_time": 90.78218340873718
    }
  },
  "dog": {
    "-1": {
      "jfmean": 0.8204845598305193,
      "jmean": 0.8267651915385261,